0|@ JesusInTweets @ raid_fbi @ SWATTEAM205 @ FBIChicago @ FBIMostWanted 15712 Myrtle Ave # HarveyIllinois 60426 @ FBIChicago1 @ amccaskill5 @ MayorKellogg @ CookCountyGOP @ CP_Elections @ BarackObama @ MASONIC @ streetgangs # ReptilianMilkyway @ space @ NASAEarth @ gcongress @ ANTILLUMINATTI @ UNDPpic.twitter.com/a0U46PGcEO|976886608006959106|0.6459
1|U mean like when you & @ BarackObama compromised DOJ independence" by using the # FBI to raid # Solyndra 2 cover up the # PayForPlay bribery scandal? Or when U used the # DOJ 2 sue Sovereign States from purging Illegals from Voter Rolls 2 help UR boss win by propagating # VoterFraud?https://twitter.com/EricHolder/status/974892578058489856 …"|975437670993326081|0.6486
2|Absolutely CHILLING! No less chilling than Obama weaponizing the FBI, DOJ, IRS and what he did to candidate & President Elect Trump. Arrest me for my faith 1st, due process after. Censor the press 1st, due process after. Raid my home 1st, get the warrant after.|969023790230327296|0.5665
3|Obama's Gibson Guitar factory raid exactly illustrates Dems & DOJ/FBI deep staters greatest fear for FISA abuse scandal: The fallout would necessarily call into question motivations behind every DOJ/FBI takedown during Obama era.|968497401903370240|0.8417
4|The # HillaryFanClub Obama # FBI Has Been Transformed Into A KGB Operation Exhibit A: The Same # FBI Conducting A Predawn SWAT Team Raid On Cooperating Witness # PaulManafort Claimed They Could Not Find Professional School Shooter" # NikolasCruz # Parkland # KillTheNRApic.twitter.com/AQ1mYL3DqG"|967442129629925377|0.7547
5|Should The FBI Raid Obama's House? # Topbuzzhttp://www.topbuzz.com/article/i6452393240178983434?user_id=6411263903312905226&language=en&region=ca&app_id=1106&impr_id=6525456865717913866&gid=6452393240178983434&c=tw&language=en …|966750799492599808|0.8168
6|@ POTUS the deep state spies have these wannabe actors posing as students. Stop the deep state. Raid the fbi and seize the notes memos and prosecute Hillary Obama and Abedin. @ FoxNews @ CNN The Russian are with Hillary and Obama. https://twitter.com/YoungDems4Trump/status/966132791011287040 …|966167159180316673|0.6047
7|FBI Raid on Barack Obama's DC Mansion and wiretaps https://youtu.be/K2_5obdOyLI  via @ YouTube|965935045721673728|0.7621
8|I liked a @ YouTube video http://youtu.be/K2_5obdOyLI?a  FBI Raid on Barack Obama's DC Mansion and wiretaps|965329232179138562|0.7619
9|FBI Raid on Barack Obama's DC Mansion and wiretaps https://youtu.be/K2_5obdOyLI  via @ YouTube|965251123316535296|0.7621
10|Would be best if a warrant were obtained and the offices were raided by outside law enforcement and all evidence seized. A raid such as the FBI conducts from time to time. @ FBI cannot be trusted any further. The @ BarackObama cabal has destroyed it. @ cspanwj @ CBSThisMorning @ GOP|965079473572982785|0.6939
11|I liked a @ YouTube video http://youtu.be/K2_5obdOyLI?a  FBI Raid on Barack Obama's DC Mansion and wiretaps|964286894061359105|0.7619
12|I agree. Should The FBI Raid Obama's House? # BuzzVideo http://www.topbuzz.com/article/i6452393240178983434?user_id=6449262981460001802&language=en&region=us&app_id=1184&impr_id=6522665776606906633&gid=6452393240178983434&c=tw&language=en …|964025551211106304|0.8168
13|FBI Raid on Barack Obama's DC Mansion and wiretaps - Free Videos Online - Watch TV Online - Free Video Clips - 102Clip https://102clip.com/video/K2_5obdOyLI/fbi-raid-on-barack-obamas-dc-mansion-and-wire.html#.WoHTrTWmVXE.twitter …|963107838255157248|0.6569
14|Chilling: I've read a couple of similar articles of Obama's operation and to be done out of his house in Kalorama! I think this calls for a RAID BY THE FBI. pic.twitter.com/1TtP161PWb|962818349163012099|0.7423
15|FBI Raid on Barack Obama's DC Mansion and wiretaps https://youtu.be/K2_5obdOyLI  via @ YouTube|962770767636086784|0.7621
16|Can we find out about the dinner raid ordered by trump where we lost a Navy Seal? Boots on the ground in a place where drones do the work....can we find out about the 4 American soldiers killed in a nation we didn't even know we had troops? CONGRESS DO YOUR JOB INVESTIGATE|962629540509048837|0.4882
17|Should The FBI Raid Obama's House? # Topbuzzhttp://www.topbuzz.com/article/i6452393240178983434?user_id=6483367419891942409&language=en&region=us&app_id=1106&impr_id=6520783254386116873&gid=6452393240178983434&c=tw&language=en …|962186811110973440|0.8168
18|FBI Raid on Barack Obama's DC Mansion and wiretaps https://www.youtube.com/watch?v=K2_5obdOyLI&feature=share …|962000382447697921|0.8093
20|So is the FBI going to conduct an early morning raid on Obama like they did to Manafort or nah...|961275593038946305|0.6745
21|FLASHBACK - FBI Agents raid gas station mural depicting President Obama, Jesus http://occasion-to-be.com/forum/index.php?topic=221330.msg234355#msg234355 … via @ occasion2b|960713464057597952|0.6313
22|FLASHBACK - FBI Agents raid gas station mural depicting President Obama, Jesus https://goo.gl/fb/KFiA9C # news Occasion2B|960710265074364416|0.619
23|FBI Agents raid gas station mural depicting President Obama, Jesus http://www.occuworld.org/news/3941147|960649850399444993|0.6362
24|Should The FBI Raid Obama's House? # Topbuzzhttp://www.topbuzz.com/article/i6452393240178983434?user_id=6411263903312905226&language=en&region=ca&app_id=1106&impr_id=6519174798889765130&gid=6452393240178983434&c=tw&language=en …|960615972469002240|0.8168
25|@ NicolleDWallace I would not trust any investigation started during the Obama years. Page was vindicated in 2013. How about the raid that the FBI did on the Gibson guitar company. Imagine that you are at work and a raid was conducted with AK47 rifles held by FBI in riot gear.|959962242161741824|0.6946
26|Fortunately, only 1/3 or so of population supports Trump, not 1/2 (thank God). As to conspiracy theorists, let’s sample, yes or no: 1. HRC ordered troop stand down during Benghazi raid 2. Obama’s birth certificate genuine 3. 3-5 million voted illegally in 2016 4. FBI trustworthy|959870700004823040|0.5846
27|No, its that Nixon (Obama/Secretary Hillary) used a Russian propaganda Daisy" ad they paid for (dossier) to order the FBI to wire tap/raid the Watergate (Trump tower & all Trump associates)"|959826358716137473|0.6908
